<?xml version="1.0" encoding="UTF-8"?>
<root>
  <item name="androidx.camera.core.impl.CamcorderProfileProxy androidx.camera.core.impl.CamcorderProfileProxy create(int, int, int, int, int, int, int, int, int, int, int, int) 3">
    <annotation name="androidx.annotation.IntDef">
      <val name="value" val="{android.media.MediaRecorder.VideoEncoder.H263, android.media.MediaRecorder.VideoEncoder.H264, android.media.MediaRecorder.VideoEncoder.HEVC, android.media.MediaRecorder.VideoEncoder.VP8, android.media.MediaRecorder.VideoEncoder.MPEG_4_SP, android.media.MediaRecorder.VideoEncoder.DEFAULT}" />
    </annotation>
  </item>
  <item name="androidx.camera.core.impl.CamcorderProfileProxy androidx.camera.core.impl.CamcorderProfileProxy create(int, int, int, int, int, int, int, int, int, int, int, int) 8">
    <annotation name="androidx.annotation.IntDef">
      <val name="value" val="{android.media.MediaRecorder.AudioEncoder.AAC, android.media.MediaRecorder.AudioEncoder.AAC_ELD, android.media.MediaRecorder.AudioEncoder.AMR_NB, android.media.MediaRecorder.AudioEncoder.AMR_WB, android.media.MediaRecorder.AudioEncoder.HE_AAC, android.media.MediaRecorder.AudioEncoder.OPUS, android.media.MediaRecorder.AudioEncoder.VORBIS, android.media.MediaRecorder.AudioEncoder.DEFAULT}" />
    </annotation>
  </item>
  <item name="androidx.camera.core.impl.CamcorderProfileProxy int getAudioCodec()">
    <annotation name="androidx.annotation.IntDef">
      <val name="value" val="{android.media.MediaRecorder.AudioEncoder.AAC, android.media.MediaRecorder.AudioEncoder.AAC_ELD, android.media.MediaRecorder.AudioEncoder.AMR_NB, android.media.MediaRecorder.AudioEncoder.AMR_WB, android.media.MediaRecorder.AudioEncoder.HE_AAC, android.media.MediaRecorder.AudioEncoder.OPUS, android.media.MediaRecorder.AudioEncoder.VORBIS, android.media.MediaRecorder.AudioEncoder.DEFAULT}" />
    </annotation>
  </item>
  <item name="androidx.camera.core.impl.CamcorderProfileProxy int getVideoCodec()">
    <annotation name="androidx.annotation.IntDef">
      <val name="value" val="{android.media.MediaRecorder.VideoEncoder.H263, android.media.MediaRecorder.VideoEncoder.H264, android.media.MediaRecorder.VideoEncoder.HEVC, android.media.MediaRecorder.VideoEncoder.VP8, android.media.MediaRecorder.VideoEncoder.MPEG_4_SP, android.media.MediaRecorder.VideoEncoder.DEFAULT}" />
    </annotation>
  </item>
  <item name="androidx.camera.core.impl.CameraConfig int getUseCaseCombinationRequiredRule()">
    <annotation name="androidx.annotation.IntDef">
      <val name="value" val="{androidx.camera.core.impl.CameraConfig.REQUIRED_RULE_NONE, androidx.camera.core.impl.CameraConfig.REQUIRED_RULE_COEXISTING_PREVIEW_AND_IMAGE_CAPTURE}" />
    </annotation>
  </item>
  <item name="androidx.camera.core.impl.CameraConfig.Builder B setUseCaseCombinationRequiredRule(int) 0">
    <annotation name="androidx.annotation.IntDef">
      <val name="value" val="{androidx.camera.core.impl.CameraConfig.REQUIRED_RULE_NONE, androidx.camera.core.impl.CameraConfig.REQUIRED_RULE_COEXISTING_PREVIEW_AND_IMAGE_CAPTURE}" />
    </annotation>
  </item>
  <item name="androidx.camera.core.impl.CameraConfig.RequiredRule">
    <annotation name="androidx.annotation.IntDef">
      <val name="value" val="{androidx.camera.core.impl.CameraConfig.REQUIRED_RULE_NONE, androidx.camera.core.impl.CameraConfig.REQUIRED_RULE_COEXISTING_PREVIEW_AND_IMAGE_CAPTURE}" />
    </annotation>
  </item>
  <item name="androidx.camera.core.impl.CameraControlInternal com.google.common.util.concurrent.ListenableFuture&lt;java.util.List&lt;java.lang.Void&gt;&gt; submitStillCaptureRequests(java.util.List&lt;androidx.camera.core.impl.CaptureConfig&gt;, int, int) 1">
    <annotation name="androidx.annotation.IntDef">
      <val name="value" val="{androidx.camera.core.ImageCapture.CAPTURE_MODE_MAXIMIZE_QUALITY, androidx.camera.core.ImageCapture.CAPTURE_MODE_MINIMIZE_LATENCY}" />
    </annotation>
  </item>
  <item name="androidx.camera.core.impl.CameraControlInternal com.google.common.util.concurrent.ListenableFuture&lt;java.util.List&lt;java.lang.Void&gt;&gt; submitStillCaptureRequests(java.util.List&lt;androidx.camera.core.impl.CaptureConfig&gt;, int, int) 2">
    <annotation name="androidx.annotation.IntDef">
      <val name="value" val="{androidx.camera.core.ImageCapture.FLASH_TYPE_ONE_SHOT_FLASH, androidx.camera.core.ImageCapture.FLASH_TYPE_USE_TORCH_AS_FLASH}" />
    </annotation>
  </item>
  <item name="androidx.camera.core.impl.CameraControlInternal int getFlashMode()">
    <annotation name="androidx.annotation.IntDef">
      <val name="value" val="{androidx.camera.core.ImageCapture.FLASH_MODE_UNKNOWN, androidx.camera.core.ImageCapture.FLASH_MODE_AUTO, androidx.camera.core.ImageCapture.FLASH_MODE_ON, androidx.camera.core.ImageCapture.FLASH_MODE_OFF}" />
    </annotation>
  </item>
  <item name="androidx.camera.core.impl.CameraControlInternal void setFlashMode(int) 0">
    <annotation name="androidx.annotation.IntDef">
      <val name="value" val="{androidx.camera.core.ImageCapture.FLASH_MODE_UNKNOWN, androidx.camera.core.ImageCapture.FLASH_MODE_AUTO, androidx.camera.core.ImageCapture.FLASH_MODE_ON, androidx.camera.core.ImageCapture.FLASH_MODE_OFF}" />
    </annotation>
  </item>
  <item name="androidx.camera.core.impl.ImageAnalysisConfig int getBackpressureStrategy()">
    <annotation name="androidx.annotation.IntDef">
      <val name="value" val="{androidx.camera.core.ImageAnalysis.STRATEGY_KEEP_ONLY_LATEST, androidx.camera.core.ImageAnalysis.STRATEGY_BLOCK_PRODUCER}" />
    </annotation>
  </item>
  <item name="androidx.camera.core.impl.ImageAnalysisConfig int getBackpressureStrategy(int)">
    <annotation name="androidx.annotation.IntDef">
      <val name="value" val="{androidx.camera.core.ImageAnalysis.STRATEGY_KEEP_ONLY_LATEST, androidx.camera.core.ImageAnalysis.STRATEGY_BLOCK_PRODUCER}" />
    </annotation>
  </item>
  <item name="androidx.camera.core.impl.ImageAnalysisConfig int getBackpressureStrategy(int) 0">
    <annotation name="androidx.annotation.IntDef">
      <val name="value" val="{androidx.camera.core.ImageAnalysis.STRATEGY_KEEP_ONLY_LATEST, androidx.camera.core.ImageAnalysis.STRATEGY_BLOCK_PRODUCER}" />
    </annotation>
  </item>
  <item name="androidx.camera.core.impl.ImageAnalysisConfig int getOutputImageFormat(int)">
    <annotation name="androidx.annotation.IntDef">
      <val name="value" val="{androidx.camera.core.ImageAnalysis.OUTPUT_IMAGE_FORMAT_YUV_420_888, androidx.camera.core.ImageAnalysis.OUTPUT_IMAGE_FORMAT_RGBA_8888}" />
    </annotation>
  </item>
  <item name="androidx.camera.core.impl.ImageCaptureConfig int getCaptureMode()">
    <annotation name="androidx.annotation.IntDef">
      <val name="value" val="{androidx.camera.core.ImageCapture.CAPTURE_MODE_MAXIMIZE_QUALITY, androidx.camera.core.ImageCapture.CAPTURE_MODE_MINIMIZE_LATENCY}" />
    </annotation>
  </item>
  <item name="androidx.camera.core.impl.ImageCaptureConfig int getFlashMode()">
    <annotation name="androidx.annotation.IntDef">
      <val name="value" val="{androidx.camera.core.ImageCapture.FLASH_MODE_UNKNOWN, androidx.camera.core.ImageCapture.FLASH_MODE_AUTO, androidx.camera.core.ImageCapture.FLASH_MODE_ON, androidx.camera.core.ImageCapture.FLASH_MODE_OFF}" />
    </annotation>
  </item>
  <item name="androidx.camera.core.impl.ImageCaptureConfig int getFlashMode(int)">
    <annotation name="androidx.annotation.IntDef">
      <val name="value" val="{androidx.camera.core.ImageCapture.FLASH_MODE_UNKNOWN, androidx.camera.core.ImageCapture.FLASH_MODE_AUTO, androidx.camera.core.ImageCapture.FLASH_MODE_ON, androidx.camera.core.ImageCapture.FLASH_MODE_OFF}" />
    </annotation>
  </item>
  <item name="androidx.camera.core.impl.ImageCaptureConfig int getFlashMode(int) 0">
    <annotation name="androidx.annotation.IntDef">
      <val name="value" val="{androidx.camera.core.ImageCapture.FLASH_MODE_UNKNOWN, androidx.camera.core.ImageCapture.FLASH_MODE_AUTO, androidx.camera.core.ImageCapture.FLASH_MODE_ON, androidx.camera.core.ImageCapture.FLASH_MODE_OFF}" />
    </annotation>
  </item>
  <item name="androidx.camera.core.impl.ImageCaptureConfig int getFlashType()">
    <annotation name="androidx.annotation.IntDef">
      <val name="value" val="{androidx.camera.core.ImageCapture.FLASH_TYPE_ONE_SHOT_FLASH, androidx.camera.core.ImageCapture.FLASH_TYPE_USE_TORCH_AS_FLASH}" />
    </annotation>
  </item>
  <item name="androidx.camera.core.impl.ImageCaptureConfig int getFlashType(int)">
    <annotation name="androidx.annotation.IntDef">
      <val name="value" val="{androidx.camera.core.ImageCapture.FLASH_TYPE_ONE_SHOT_FLASH, androidx.camera.core.ImageCapture.FLASH_TYPE_USE_TORCH_AS_FLASH}" />
    </annotation>
  </item>
  <item name="androidx.camera.core.impl.ImageCaptureConfig int getFlashType(int) 0">
    <annotation name="androidx.annotation.IntDef">
      <val name="value" val="{androidx.camera.core.ImageCapture.FLASH_TYPE_ONE_SHOT_FLASH, androidx.camera.core.ImageCapture.FLASH_TYPE_USE_TORCH_AS_FLASH}" />
    </annotation>
  </item>
  <item name="androidx.camera.core.impl.ImageOutputConfig int getTargetAspectRatio()">
    <annotation name="androidx.annotation.IntDef">
      <val name="value" val="{androidx.camera.core.AspectRatio.RATIO_4_3, androidx.camera.core.AspectRatio.RATIO_16_9}" />
    </annotation>
  </item>
  <item name="androidx.camera.core.impl.ImageOutputConfig int getTargetRotation()">
    <annotation name="androidx.annotation.IntDef">
      <val name="value" val="{android.view.Surface.ROTATION_0, android.view.Surface.ROTATION_90, android.view.Surface.ROTATION_180, android.view.Surface.ROTATION_270}" />
    </annotation>
  </item>
  <item name="androidx.camera.core.impl.ImageOutputConfig int getTargetRotation(int)">
    <annotation name="androidx.annotation.IntDef">
      <val name="value" val="{android.view.Surface.ROTATION_0, android.view.Surface.ROTATION_90, android.view.Surface.ROTATION_180, android.view.Surface.ROTATION_270}" />
    </annotation>
  </item>
  <item name="androidx.camera.core.impl.ImageOutputConfig.Builder B setTargetAspectRatio(int) 0">
    <annotation name="androidx.annotation.IntDef">
      <val name="value" val="{androidx.camera.core.AspectRatio.RATIO_4_3, androidx.camera.core.AspectRatio.RATIO_16_9}" />
    </annotation>
  </item>
  <item name="androidx.camera.core.impl.ImageOutputConfig.Builder B setTargetRotation(int) 0">
    <annotation name="androidx.annotation.IntDef">
      <val name="value" val="{android.view.Surface.ROTATION_0, android.view.Surface.ROTATION_90, android.view.Surface.ROTATION_180, android.view.Surface.ROTATION_270}" />
    </annotation>
  </item>
  <item name="androidx.camera.core.impl.ImageOutputConfig.RotationDegreesValue">
    <annotation name="androidx.annotation.IntDef">
      <val name="value" val="{0, 90, 180, 270}" />
    </annotation>
  </item>
  <item name="androidx.camera.core.impl.ImageOutputConfig.RotationValue">
    <annotation name="androidx.annotation.IntDef">
      <val name="value" val="{android.view.Surface.ROTATION_0, android.view.Surface.ROTATION_90, android.view.Surface.ROTATION_180, android.view.Surface.ROTATION_270}" />
    </annotation>
  </item>
  <item name="androidx.camera.core.impl.LensFacingCameraFilter LensFacingCameraFilter(int) 0">
    <annotation name="androidx.annotation.IntDef">
      <val name="value" val="{androidx.camera.core.CameraSelector.LENS_FACING_FRONT, androidx.camera.core.CameraSelector.LENS_FACING_BACK}" />
    </annotation>
  </item>
  <item name="androidx.camera.core.impl.LensFacingCameraFilter int getLensFacing()">
    <annotation name="androidx.annotation.IntDef">
      <val name="value" val="{androidx.camera.core.CameraSelector.LENS_FACING_FRONT, androidx.camera.core.CameraSelector.LENS_FACING_BACK}" />
    </annotation>
  </item>
  <item name="androidx.camera.core.impl.LensFacingCameraFilter mLensFacing">
    <annotation name="androidx.annotation.IntDef">
      <val name="value" val="{androidx.camera.core.CameraSelector.LENS_FACING_FRONT, androidx.camera.core.CameraSelector.LENS_FACING_BACK}" />
    </annotation>
  </item>
  <item name="androidx.camera.core.impl.LensFacingConverter int valueOf(java.lang.String)">
    <annotation name="androidx.annotation.IntDef">
      <val name="value" val="{androidx.camera.core.CameraSelector.LENS_FACING_FRONT, androidx.camera.core.CameraSelector.LENS_FACING_BACK}" />
    </annotation>
  </item>
  <item name="androidx.camera.core.impl.LensFacingConverter java.lang.String nameOf(int) 0">
    <annotation name="androidx.annotation.IntDef">
      <val name="value" val="{androidx.camera.core.CameraSelector.LENS_FACING_FRONT, androidx.camera.core.CameraSelector.LENS_FACING_BACK}" />
    </annotation>
  </item>
</root>

